{
    "rmse": 0.7289600937161703,
    "mae": 0.601549782050432,
    "r2": 0.045087849673240976
}