{
    "rmse": 0.7278337682289646,
    "mae": 0.5987425563933667,
    "r2": 0.04803646369342951
}