{
    "rmse": 0.7280765943167253,
    "mae": 0.6021920959568211,
    "r2": 0.04740115340047468
}